{
  "step": 0,
  "completed": 1,
  "success_count": 1,
  "success_rate": 1.0,
  "elapsed_seconds": 77.71022295951843,
  "total_tokens": 26084,
  "compilation_tokens": 25050,
  "execution_tokens": 1034,
  "instances": [
    {
      "instance_id": "00134dd365a24343b35b78c6_kile",
      "success": true,
      "latency_ms": 74382.7718750108,
      "generation_time_ms": 70683.9400419849,
      "execution_time_ms": 3697.9023330495693,
      "tokens": 25050,
      "match_type": "content_match"
    }
  ]
}