{
  "step": 3,
  "completed": 4,
  "success_count": 4,
  "success_rate": 1.0,
  "elapsed_seconds": 266.341835975647,
  "total_tokens": 115024,
  "compilation_tokens": 109767,
  "execution_tokens": 5257,
  "instances": [
    {
      "instance_id": "00134dd365a24343b35b78c6_kile",
      "success": true,
      "latency_ms": 69724.71687500365,
      "generation_time_ms": 65535.72624997469,
      "execution_time_ms": 4188.167541986331,
      "tokens": 24484,
      "match_type": "content_match"
    },
    {
      "instance_id": "00136a27c7774c1e8dc6b2f2_kile",
      "success": true,
      "latency_ms": 56766.01108297473,
      "generation_time_ms": 53427.83533298643,
      "execution_time_ms": 3335.596584016457,
      "tokens": 25767,
      "match_type": "content_match"
    },
    {
      "instance_id": "002e3cf97973428f905671b3_kile",
      "success": true,
      "latency_ms": 66141.14245900419,
      "generation_time_ms": 62180.45870796777,
      "execution_time_ms": 3959.636125015095,
      "tokens": 33633,
      "match_type": "content_match"
    },
    {
      "instance_id": "002f9b82b74f4258b3b072d0_kile",
      "success": true,
      "latency_ms": 60710.875874967314,
      "generation_time_ms": 57639.79516696418,
      "execution_time_ms": 3070.4212079872377,
      "tokens": 25883,
      "match_type": "content_match"
    }
  ]
}