{
  "step": 1,
  "completed": 2,
  "success_count": 2,
  "success_rate": 1.0,
  "elapsed_seconds": 133.30572700500488,
  "total_tokens": 52997,
  "compilation_tokens": 50251,
  "execution_tokens": 2746,
  "instances": [
    {
      "instance_id": "00134dd365a24343b35b78c6_kile",
      "success": true,
      "latency_ms": 69724.71687500365,
      "generation_time_ms": 65535.72624997469,
      "execution_time_ms": 4188.167541986331,
      "tokens": 24484,
      "match_type": "content_match"
    },
    {
      "instance_id": "00136a27c7774c1e8dc6b2f2_kile",
      "success": true,
      "latency_ms": 56766.01108297473,
      "generation_time_ms": 53427.83533298643,
      "execution_time_ms": 3335.596584016457,
      "tokens": 25767,
      "match_type": "content_match"
    }
  ]
}