{
  "step": 0,
  "completed": 1,
  "success_count": 1,
  "success_rate": 1.0,
  "elapsed_seconds": 73.13945484161377,
  "total_tokens": 25432,
  "compilation_tokens": 24484,
  "execution_tokens": 948,
  "instances": [
    {
      "instance_id": "00134dd365a24343b35b78c6_kile",
      "success": true,
      "latency_ms": 69724.71687500365,
      "generation_time_ms": 65535.72624997469,
      "execution_time_ms": 4188.167541986331,
      "tokens": 24484,
      "match_type": "content_match"
    }
  ]
}