{
  "step": 2,
  "completed": 3,
  "success_count": 3,
  "success_rate": 1.0,
  "elapsed_seconds": 117.08884906768799,
  "total_tokens": 42784,
  "compilation_tokens": 42784,
  "execution_tokens": 0,
  "instances": [
    {
      "instance_id": "simple_0",
      "success": true,
      "latency_ms": 34254.79233264923,
      "generation_time_ms": 34248.19662515074,
      "execution_time_ms": 6.103292107582092,
      "tokens": 10489,
      "match_type": "total_match"
    },
    {
      "instance_id": "simple_1",
      "success": true,
      "latency_ms": 31423.569542355835,
      "generation_time_ms": 31418.65179128945,
      "execution_time_ms": 4.314582794904709,
      "tokens": 21841,
      "match_type": "total_match"
    },
    {
      "instance_id": "simple_2",
      "success": true,
      "latency_ms": 45757.16462545097,
      "generation_time_ms": 45750.216665677726,
      "execution_time_ms": 6.600832566618919,
      "tokens": 10454,
      "match_type": "total_match"
    }
  ]
}