{
  "step": 1,
  "completed": 2,
  "success_count": 2,
  "success_rate": 1.0,
  "elapsed_seconds": 59.485209941864014,
  "total_tokens": 20257,
  "compilation_tokens": 20257,
  "execution_tokens": 0,
  "instances": [
    {
      "instance_id": "simple_0",
      "success": true,
      "latency_ms": 26170.806791633368,
      "generation_time_ms": 26167.01199952513,
      "execution_time_ms": 3.1975004822015762,
      "tokens": 10309,
      "match_type": "total_match"
    },
    {
      "instance_id": "simple_1",
      "success": true,
      "latency_ms": 29623.85333329439,
      "generation_time_ms": 29620.035083964467,
      "execution_time_ms": 2.6540420949459076,
      "tokens": 9948,
      "match_type": "total_match"
    }
  ]
}